<?xml version="1.0" encoding="UTF-8"?>
<rdf:RDF
   xmlns:citoterms="http://purl.org/spar/cito/"
   xmlns:dc="http://purl.org/dc/elements/1.1/"
   xmlns:dcterms="http://purl.org/dc/terms/"
   xmlns:foaf="http://xmlns.com/foaf/0.1/"
   xmlns:ore="http://www.openarchives.org/ore/terms/"
   xmlns:rdf="http://www.w3.org/1999/02/22-rdf-syntax-ns#"
   xmlns:rdfs1="http://www.w3.org/2001/01/rdf-schema#"
>
  <rdf:Description rdf:about="http://www.openarchives.org/ore/terms/Aggregation">
    <rdfs1:isDefinedBy>http://www.openarchives.org/ore/terms/</rdfs1:isDefinedBy>
    <rdfs1:label>Aggregation</rdfs1:label>
  </rdf:Description>
  <rdf:Description rdf:about="http://www.hydroshare.org/terms/CompositeResource">
    <rdfs1:label>Composite Resource</rdfs1:label>
    <rdfs1:isDefinedBy>http://www.hydroshare.org/terms</rdfs1:isDefinedBy>
  </rdf:Description>
  <rdf:Description rdf:about="http://foresite-toolkit.googlecode.com/#pythonAgent">
    <foaf:name>Foresite Toolkit (Python)</foaf:name>
    <foaf:mbox>foresite@googlegroups.com</foaf:mbox>
  </rdf:Description>
  <rdf:Description rdf:about="http://www.hydroshare.org/resource/c40d9567678740dab868f35440a69b30/data/resourcemetadata.xml">
    <ore:isAggregatedBy>http://www.hydroshare.org/resource/c40d9567678740dab868f35440a69b30/data/resourcemap.xml#aggregation</ore:isAggregatedBy>
    <dc:format>application/rdf+xml</dc:format>
    <dc:title>Dublin Core science metadata document describing the HydroShare resource</dc:title>
    <citoterms:documents>http://www.hydroshare.org/resource/c40d9567678740dab868f35440a69b30/data/resourcemap.xml#aggregation</citoterms:documents>
  </rdf:Description>
  <rdf:Description rdf:about="http://www.openarchives.org/ore/terms/ResourceMap">
    <rdfs1:isDefinedBy>http://www.openarchives.org/ore/terms/</rdfs1:isDefinedBy>
    <rdfs1:label>ResourceMap</rdfs1:label>
  </rdf:Description>
  <rdf:Description rdf:about="http://www.hydroshare.org/resource/c40d9567678740dab868f35440a69b30/data/resourcemap.xml">
    <dc:creator rdf:resource="http://foresite-toolkit.googlecode.com/#pythonAgent"/>
    <dc:format>application/rdf+xml</dc:format>
    <dcterms:created>2019-10-27T20:56:39Z</dcterms:created>
    <dcterms:modified>2019-10-27T20:56:39Z</dcterms:modified>
    <rdf:type rdf:resource="http://www.openarchives.org/ore/terms/ResourceMap"/>
    <ore:describes rdf:resource="http://www.hydroshare.org/resource/c40d9567678740dab868f35440a69b30/data/resourcemap.xml#aggregation"/>
    <dc:identifier>c40d9567678740dab868f35440a69b30</dc:identifier>
  </rdf:Description>
  <rdf:Description rdf:about="http://www.hydroshare.org/resource/c40d9567678740dab868f35440a69b30/data/resourcemap.xml#aggregation">
    <ore:isDescribedBy>http://www.hydroshare.org/resource/c40d9567678740dab868f35440a69b30/data/resourcemap.xml</ore:isDescribedBy>
    <dcterms:type rdf:resource="http://www.hydroshare.org/terms/CompositeResource"/>
    <citoterms:isDocumentedBy>http://www.hydroshare.org/resource/c40d9567678740dab868f35440a69b30/data/resourcemetadata.xml</citoterms:isDocumentedBy>
        <ore:aggregates rdf:resource="http://www.hydroshare.org/resource/c40d9567678740dab868f35440a69b30/data/resourcemetadata.xml"/>
    <rdf:type rdf:resource="http://www.openarchives.org/ore/terms/Aggregation"/>
    <dc:title>Charlie's Test Resource</dc:title>
  </rdf:Description>
</rdf:RDF>
