<rdf:RDF xmlns:dc="http://purl.org/dc/elements/1.1/" xmlns:dcterms="http://purl.org/dc/terms/" xmlns:hsterms="http://hydroshare.org/terms/" xmlns:rdf="http://www.w3.org/1999/02/22-rdf-syntax-ns#" xmlns:rdfs1="http://www.w3.org/2000/01/rdf-schema#">
  <rdf:Description rdf:about="http://www.hydroshare.org/resource/c40d9567678740dab868f35440a69b30">
    <dc:title>Charlie's Test Resource</dc:title>
    <dc:type rdf:resource="http://www.hydroshare.org/terms/CompositeResource"/>
    <dc:creator>
      <rdf:Description rdf:about="http://www.hydroshare.org/user/5128/">
        <hsterms:name>Charlie Weiss</hsterms:name>
        <hsterms:creatorOrder>1</hsterms:creatorOrder>
        <hsterms:organization>Olin College of Engineering</hsterms:organization>
        <hsterms:email>charlievweiss@gmail.com</hsterms:email>
      </rdf:Description>
    </dc:creator>
    <dc:date>
      <dcterms:created>
        <rdf:value>2019-10-27T20:56:36.354603+00:00</rdf:value>
      </dcterms:created>
    </dc:date>
    <dc:date>
      <dcterms:modified>
        <rdf:value>2019-10-27T20:56:36.360076+00:00</rdf:value>
      </dcterms:modified>
    </dc:date>
    <dc:identifier>
      <rdf:Description>
        <hsterms:hydroShareIdentifier>http://www.hydroshare.org/resource/c40d9567678740dab868f35440a69b30</hsterms:hydroShareIdentifier>
      </rdf:Description>
    </dc:identifier>
    <dc:language>eng</dc:language>
    <dc:rights>
      <rdf:Description>
        <hsterms:rightsStatement>This resource is shared under the Creative Commons Attribution CC BY.</hsterms:rightsStatement>
        <hsterms:URL rdf:resource="http://creativecommons.org/licenses/by/4.0/"/>
      </rdf:Description>
    </dc:rights>
  </rdf:Description>
  <rdf:Description rdf:about="http://www.hydroshare.org/terms/CompositeResource">
    <rdfs1:label>Composite Resource</rdfs1:label>
    <rdfs1:isDefinedBy>http://www.hydroshare.org/terms</rdfs1:isDefinedBy>
  </rdf:Description>
</rdf:RDF>
