<rdf:RDF xmlns:dc="http://purl.org/dc/elements/1.1/" xmlns:dcterms="http://purl.org/dc/terms/" xmlns:hsterms="http://hydroshare.org/terms/" xmlns:rdf="http://www.w3.org/1999/02/22-rdf-syntax-ns#" xmlns:rdfs1="http://www.w3.org/2000/01/rdf-schema#">
  <rdf:Description rdf:about="http://www.hydroshare.org/resource/8b826c43f55043f583c85ae312a8894f">
    <dc:title>North Whitehall</dc:title>
    <dc:type rdf:resource="http://www.hydroshare.org/terms/CompositeResource"/>
    <dc:description>
      <rdf:Description>
        <dcterms:abstract>North Whitehall</dcterms:abstract>
      </rdf:Description>
    </dc:description>
    <dc:creator>
      <rdf:Description rdf:about="http://www.hydroshare.org/user/4772/">
        <hsterms:name>Sherena Chilton</hsterms:name>
        <hsterms:creatorOrder>1</hsterms:creatorOrder>
        <hsterms:organization>Rutgers, The State University of New Jersey</hsterms:organization>
        <hsterms:email>sc1672@scarletmail.rutgers.edu</hsterms:email>
      </rdf:Description>
    </dc:creator>
    <dc:coverage>
      <dcterms:box>
        <rdf:value>northlimit=40.7377352058; eastlimit=-75.5156299298; southlimit=40.6207571801; westlimit=-75.638592967; units=Decimal degrees; projection=WGS 84 EPSG:4326</rdf:value>
      </dcterms:box>
    </dc:coverage>
    <dc:date>
      <dcterms:created>
        <rdf:value>2019-06-18T16:16:15.801002+00:00</rdf:value>
      </dcterms:created>
    </dc:date>
    <dc:date>
      <dcterms:modified>
        <rdf:value>2019-06-18T16:19:04.594176+00:00</rdf:value>
      </dcterms:modified>
    </dc:date>
    <dc:identifier>
      <rdf:Description>
        <hsterms:hydroShareIdentifier>http://www.hydroshare.org/resource/8b826c43f55043f583c85ae312a8894f</hsterms:hydroShareIdentifier>
      </rdf:Description>
    </dc:identifier>
    <dc:language>eng</dc:language>
    <dc:rights>
      <rdf:Description>
        <hsterms:rightsStatement>This resource is shared under the Creative Commons Attribution CC BY.</hsterms:rightsStatement>
        <hsterms:URL rdf:resource="http://creativecommons.org/licenses/by/4.0/"/>
      </rdf:Description>
    </dc:rights>
    <dc:subject>mmw</dc:subject>
    <dc:subject>model-my-watershed</dc:subject>
    <hsterms:extendedMetadata>
      <rdf:Description>
        <hsterms:key>appkey</hsterms:key>
        <hsterms:value>model-my-watershed</hsterms:value>
      </rdf:Description>
    </hsterms:extendedMetadata>
  </rdf:Description>
  <rdf:Description rdf:about="http://www.hydroshare.org/terms/CompositeResource">
    <rdfs1:label>Composite Resource</rdfs1:label>
    <rdfs1:isDefinedBy>http://www.hydroshare.org/terms</rdfs1:isDefinedBy>
  </rdf:Description>
</rdf:RDF>
