{"id":28816,"name":"North Whitehall","area_of_interest_name":"Selected Area","is_private":true,"model_package":"gwlfe","created_at":"2019-06-18T15:41:20.020826Z","modified_at":"2019-06-18T15:41:40.237803Z","user":10065,"hydroshare":null,"area_of_interest":null,"wkaoi":null,"scenarios":[],"user_id":10065,"is_activity":false,"gis_data":null,"mapshed_job_uuid":null,"subbasin_mapshed_job_uuid":null,"mapshed_job_error":null,"subbasin_mapshed_job_error":null,"subbasins":[],"needs_reset":false,"allow_save":true,"sidebar_mode":"MODEL","is_exporting":false,"hydroshare_errors":[]}