<?xml version="1.0" encoding="UTF-8"?>
<rdf:RDF
   xmlns:citoterms="http://purl.org/spar/cito/"
   xmlns:dc="http://purl.org/dc/elements/1.1/"
   xmlns:dcterms="http://purl.org/dc/terms/"
   xmlns:foaf="http://xmlns.com/foaf/0.1/"
   xmlns:ore="http://www.openarchives.org/ore/terms/"
   xmlns:rdf="http://www.w3.org/1999/02/22-rdf-syntax-ns#"
   xmlns:rdfs1="http://www.w3.org/2001/01/rdf-schema#"
>
  <rdf:Description rdf:about="http://www.hydroshare.org/resource/8b826c43f55043f583c85ae312a8894f/data/contents/area-of-interest/area-of-interest_meta.xml">
    <dc:format>application/rdf+xml</dc:format>
    <ore:isAggregatedBy>http://www.hydroshare.org/resource/8b826c43f55043f583c85ae312a8894f/data/contents/area-of-interest/area-of-interest_resmap.xml#aggregation</ore:isAggregatedBy>
    <citoterms:documents>http://www.hydroshare.org/resource/8b826c43f55043f583c85ae312a8894f/data/contents/area-of-interest/area-of-interest_resmap.xml#aggregation</citoterms:documents>
  </rdf:Description>
  <rdf:Description rdf:about="http://www.hydroshare.org/resource/8b826c43f55043f583c85ae312a8894f/data/contents/area-of-interest/area-of-interest.dbf">
    <ore:isAggregatedBy>http://www.hydroshare.org/resource/8b826c43f55043f583c85ae312a8894f/data/contents/area-of-interest/area-of-interest_resmap.xml#aggregation</ore:isAggregatedBy>
    <dc:format>application/dbf</dc:format>
  </rdf:Description>
  <rdf:Description rdf:about="http://www.hydroshare.org/resource/8b826c43f55043f583c85ae312a8894f/data/contents/area-of-interest/area-of-interest.prj">
    <ore:isAggregatedBy>http://www.hydroshare.org/resource/8b826c43f55043f583c85ae312a8894f/data/contents/area-of-interest/area-of-interest_resmap.xml#aggregation</ore:isAggregatedBy>
    <dc:format>application/prj</dc:format>
  </rdf:Description>
  <rdf:Description rdf:about="http://www.hydroshare.org/terms/GeographicFeatureAggregation">
    <rdfs1:label>Geographic Feature Content: The multiple files that are part of a geographic shapefile</rdfs1:label>
    <rdfs1:isDefinedBy>http://www.hydroshare.org/terms</rdfs1:isDefinedBy>
  </rdf:Description>
  <rdf:Description rdf:about="http://www.hydroshare.org/resource/8b826c43f55043f583c85ae312a8894f/data/contents/area-of-interest/area-of-interest_resmap.xml#aggregation">
    <dcterms:type rdf:resource="http://www.hydroshare.org/terms/GeographicFeatureAggregation"/>
    <dc:title>area-of-interest</dc:title>
    <ore:aggregates rdf:resource="http://www.hydroshare.org/resource/8b826c43f55043f583c85ae312a8894f/data/contents/area-of-interest/area-of-interest.shp"/>
    <citoterms:isDocumentedBy>http://www.hydroshare.org/resource/8b826c43f55043f583c85ae312a8894f/data/contents/area-of-interest/area-of-interest_meta.xml</citoterms:isDocumentedBy>
    <ore:aggregates rdf:resource="http://www.hydroshare.org/resource/8b826c43f55043f583c85ae312a8894f/data/contents/area-of-interest/area-of-interest.dbf"/>
    <ore:aggregates rdf:resource="http://www.hydroshare.org/resource/8b826c43f55043f583c85ae312a8894f/data/contents/area-of-interest/area-of-interest.prj"/>
    <rdf:type rdf:resource="http://www.openarchives.org/ore/terms/Aggregation"/>
    <ore:aggregates rdf:resource="http://www.hydroshare.org/resource/8b826c43f55043f583c85ae312a8894f/data/contents/area-of-interest/area-of-interest.shx"/>
    <ore:aggregates rdf:resource="http://www.hydroshare.org/resource/8b826c43f55043f583c85ae312a8894f/data/contents/area-of-interest/area-of-interest_meta.xml"/>
    <ore:aggregates rdf:resource="http://www.hydroshare.org/resource/8b826c43f55043f583c85ae312a8894f/data/contents/area-of-interest/area-of-interest.cpg"/>
        <ore:isDescribedBy>http://www.hydroshare.org/resource/8b826c43f55043f583c85ae312a8894f/data/contents/area-of-interest/area-of-interest_resmap.xml</ore:isDescribedBy>
  </rdf:Description>
  <rdf:Description rdf:about="http://www.hydroshare.org/resource/8b826c43f55043f583c85ae312a8894f/data/contents/area-of-interest/area-of-interest.shp">
    <ore:isAggregatedBy>http://www.hydroshare.org/resource/8b826c43f55043f583c85ae312a8894f/data/contents/area-of-interest/area-of-interest_resmap.xml#aggregation</ore:isAggregatedBy>
    <dc:format>application/x-qgis</dc:format>
  </rdf:Description>
  <rdf:Description rdf:about="http://www.hydroshare.org/resource/8b826c43f55043f583c85ae312a8894f/data/contents/area-of-interest/area-of-interest_resmap.xml">
    <dc:format>application/rdf+xml</dc:format>
    <dcterms:modified>2019-06-18T16:18:27Z</dcterms:modified>
    <dcterms:creator rdf:resource="http://foresite-toolkit.googlecode.com/#pythonAgent"/>
    <dcterms:created>2019-06-18T16:18:27Z</dcterms:created>
    <rdf:type rdf:resource="http://www.openarchives.org/ore/terms/ResourceMap"/>
    <ore:describes rdf:resource="http://www.hydroshare.org/resource/8b826c43f55043f583c85ae312a8894f/data/contents/area-of-interest/area-of-interest_resmap.xml#aggregation"/>
  </rdf:Description>
  <rdf:Description rdf:about="http://www.openarchives.org/ore/terms/Aggregation">
    <rdfs1:isDefinedBy>http://www.openarchives.org/ore/terms/</rdfs1:isDefinedBy>
    <rdfs1:label>Aggregation</rdfs1:label>
  </rdf:Description>
  <rdf:Description rdf:about="http://www.hydroshare.org/resource/8b826c43f55043f583c85ae312a8894f/data/contents/area-of-interest/area-of-interest.shx">
    <ore:isAggregatedBy>http://www.hydroshare.org/resource/8b826c43f55043f583c85ae312a8894f/data/contents/area-of-interest/area-of-interest_resmap.xml#aggregation</ore:isAggregatedBy>
    <dc:format>application/x-qgis</dc:format>
  </rdf:Description>
  <rdf:Description rdf:about="http://www.hydroshare.org/resource/8b826c43f55043f583c85ae312a8894f/data/contents/area-of-interest/area-of-interest.cpg">
    <dc:format>application/cpg</dc:format>
    <ore:isAggregatedBy>http://www.hydroshare.org/resource/8b826c43f55043f583c85ae312a8894f/data/contents/area-of-interest/area-of-interest_resmap.xml#aggregation</ore:isAggregatedBy>
  </rdf:Description>
  <rdf:Description rdf:about="http://www.openarchives.org/ore/terms/ResourceMap">
    <rdfs1:isDefinedBy>http://www.openarchives.org/ore/terms/</rdfs1:isDefinedBy>
    <rdfs1:label>ResourceMap</rdfs1:label>
  </rdf:Description>
  <rdf:Description rdf:about="http://foresite-toolkit.googlecode.com/#pythonAgent">
    <foaf:mbox>foresite@googlegroups.com</foaf:mbox>
    <foaf:name>Foresite Toolkit (Python)</foaf:name>
  </rdf:Description>
</rdf:RDF>
