<?xml version="1.0"?>
<!DOCTYPE rdf:RDF PUBLIC "-//DUBLIN CORE//DCMES DTD 2002/07/31//EN"
"http://dublincore.org/documents/2002/07/31/dcmes-xml/dcmes-xml-dtd.dtd">
<rdf:RDF xmlns:dc="http://purl.org/dc/elements/1.1/" xmlns:dcterms="http://purl.org/dc/terms/" xmlns:hsterms="http://hydroshare.org/terms/" xmlns:rdf="http://www.w3.org/1999/02/22-rdf-syntax-ns#" xmlns:rdfs1="http://www.w3.org/2001/01/rdf-schema#">
  <rdf:Description rdf:about="http://www.hydroshare.org/resource/8b826c43f55043f583c85ae312a8894f/data/contents/area-of-interest/area-of-interest_resmap.xml#aggregation">
    <dc:title>area-of-interest</dc:title>
    <dc:type rdf:resource="http://www.hydroshare.org/terms/GeographicFeatureAggregation"/>
    <dc:language>eng</dc:language>
    <dc:rights>
      <rdf:Description>
        <hsterms:rightsStatement>This resource is shared under the Creative Commons Attribution CC BY.</hsterms:rightsStatement>
        <hsterms:URL rdf:resource="http://creativecommons.org/licenses/by/4.0/"/>
      </rdf:Description>
    </dc:rights>
    <dc:coverage>
      <dcterms:box>
        <rdf:value>northlimit=40.7377352058; eastlimit=-75.5156299298; southlimit=40.6207571801; westlimit=-75.638592967; units=Decimal degrees; projection=WGS 84 EPSG:4326</rdf:value>
      </dcterms:box>
    </dc:coverage>
    <hsterms:GeometryInformation>
      <rdf:Description>
        <hsterms:featureCount>1</hsterms:featureCount>
        <hsterms:geometryType>POLYGON</hsterms:geometryType>
      </rdf:Description>
    </hsterms:GeometryInformation>
    <hsterms:FieldInformation>
      <rdf:Description>
        <hsterms:fieldWidth>11</hsterms:fieldWidth>
        <hsterms:fieldName>FID</hsterms:fieldName>
        <hsterms:fieldType>Integer64</hsterms:fieldType>
        <hsterms:fieldTypeCode>12</hsterms:fieldTypeCode>
      </rdf:Description>
    </hsterms:FieldInformation>
    <hsterms:spatialReference>
      <hsterms:box>
        <rdf:value>northlimit=40.7377352058; eastlimit=-75.5156299298; southlimit=40.6207571801; westlimit=-75.638592967; units=Degree; projection_name=GCS_WGS_1984; projection_string=GEOGCS["GCS_WGS_1984",
    DATUM["WGS_1984",
        SPHEROID["WGS_84",6378137,298.257223563]],
    PRIMEM["Greenwich",0],
    UNIT["Degree",0.017453292519943295]]; datum=WGS_1984</rdf:value>
      </hsterms:box>
    </hsterms:spatialReference>
  </rdf:Description>
  <rdf:Description rdf:about="http://www.hydroshare.org/terms/GeographicFeatureAggregation">
    <rdfs1:label>Geographic Feature Content: The multiple files that are part of a geographic shapefile</rdfs1:label>
    <rdfs1:isDefinedBy>http://www.hydroshare.org/terms</rdfs1:isDefinedBy>
  </rdf:Description>
</rdf:RDF>
